clip_id,label
10036898-ucake_cutting_4096_2160_25fps,cake_cutting
10671350-cake_cutting_2158_3840_30fps,cake
12541420_1080_1920_30fps,person_arrival
13792985_2160_3840_30fps,surprise_celebration
14888085_1920_1080_50fps,cake
14956420_1920_1080_30fps,smiling_moments
16455384-hd_1080_1920_60fps,candle_blowing
18039506-hd_1080_1920_30fps,candle_blowing
19875346-hd_1920_1080_24fps,cake_with_candles
3197865-hd_1920_1080_25fps,cake_cutting
3831834-uhd_2160_4096_25fps,cake_with_candles
4110049-sd_540_960_25fps,cake_with_candles
4315424-uhd_2160_3840_30fps,candle_blowing
4823220-uhd_3840_2160_25fps,cake_with_candles
5709823-cake_cutting_1080_1920_25fps,cake_cutting
6525427-hd_1080_1920_30fps,cake_feeding
6666640-uhd_4096_2160_25fps,birthday_gifting
6761349-uhd_3840_2160_25fps,cake_with_candles
6761403-uhd_3840_2160_25fps,gazing_moments
6763511-uhd_2160_3840_25fps,birthday_gifting
7100820-uhd_3840_2160_30fps,pre_preparation
7100826-uhd_3840_2160_30fps_1,candle_blowing
7119578-hd_1920_1080_25fps,pre_preparation
7119796-cake_cutting_1920_1080_25fps,cake_cutting
7119933-hd_1080_1920_25fps_1,group_photo
7119985-hd_1080_1920_25fps_1,cake_feeding
7119990-hd_1080_1920_25fps,cake_cutting
7150185-uhd_3840_2160_25fps,cake
7150205-uhd_2160_3840_25fps,pre_preparation
7150225-uhd_3840_2160_30fps,cake_with_candles
7157231-uhd_3840_2160_25fps,cake_person
7331606-hd_1920_1080_25fps,cake_with_candles
7331611-hd_1920_1080_25fps,cake_with_candles
7331676-cake_cutting_1920_1080_25fps,cake_feeding
7331678-hd_1920_1080_25fps,cake_feeding
7337214-hd_1080_1920_30fps,cake_cutting
7337251-hd_1920_1080_25fps,cake_person
7418255-uhd_3840_2160_25fps,birthday_gifting
7419006-uhd_3840_2160_25fps,candle_blowing
7419682-uhd_3840_2160_25fps,candle_blowing
7420303-uhd_3840_2160_25fps,cake_smashing
7420306-uhd_2160_3840_25fps,cake_smashing
7424513-uhd_3840_2160_30fps,pre_preparation
7424518-uhd_3840_2160_30fps,cake_with_candles
7424520-uhd_2160_3840_30fps,candle_blowing
7424531-uhd_3840_2160_30fps,gazing_moments
7424532-uhd_3840_2160_30fps,cake_with_candles
7509464-hd_1066_1920_25fps,candle_blowing
7583205-hd_1920_1080_25fps,birthday_gifting
7583282-hd_1920_1080_25fps,birthday_gifting
7583309-hd_1080_1920_25fps,group_photo
7583361-hd_1920_1080_25fps,cake_with_candles
7583364-hd_1080_1920_25fps,candle_blowing
7600586-hd_1920_1080_25fps,cake_with_candles
7600590-hd_1080_1920_25fps,cake_with_candles
7600595-hd_1920_1080_25fps,birthday_gifting
7690128-hd_1080_1920_30fps,cake_person
7690136-hd_1080_1920_30fps,cake_person
7803829-uhd_3840_2160_25fps,cake_cutting
7826147-hd_1080_1920_30fps,not_birthday
7826151-cake_cutting_1080_1920_30fps,cake_person
7866963-hd_1080_1920_30fps,cake_person
8015086-hd_1080_1920_25fps,cake_with_candles
8015087-hd_1920_1080_25fps,cake_with_candles
8015188-hd_1080_1920_25fps,cake
8087207-uhd_2160_4096_24fps,cake_cutting
8100949-hd_1920_1080_25fps,cake_feeding
8100969-hd_1080_1920_25fps,candle_blowing
8246980-cake_cutting_1920_1080_25fps,cake_cutting
8246992-cake_cutting_1920_1080_25fps,cake_cutting
8555329-hd_1080_1920_25fps,cake_feeding
8684610-hd_1080_1920_25fps,birthday_gifting
8878067-hd_1920_1080_25fps,candle_blowing
8878095-hd_1920_1080_25fps,cake_with_candles
8901130-hd_1080_1920_25fps,cake_with_candles
8901133-hd_1080_1920_25fps,cake_with_candles
9761222-uhd_4096_2160_25fps,cake_feeding
9782102-uhd_4096_2160_25fps,cake_with_candles
preparing_cake_candles_people,cake_with_candles
uhd_30fps,cake_with_candles
-vRLLXiUt6Y,cake_feeding
0NSnH-8a3zs,cake_smashing
24lCUVpyQaA,person_arrival
2wZdL5tTRj0,birthday_gifting
3HgooDr9T6k,cake_with_candles
3O5GnfY_irQ,cake_person
55SNmNof2ys,birthday_gifting
5szBNPdOKMs,cake_cutting
6pSmKV_0mF4,cake_with_candles
9-qKgYF8kZo,person_arrival
AHb3KWEu5P4,cake_with_candles
AQAA-7RFqC4,birthday_gifting
Alf0p2H7heQ,cake_with_candles
BoqpRdsUOvA,surprise_celebration
Bu432gro_Jo,cake_cutting
D8wsqakX96A,cake_smashing
EHbAF-GQIls,cake
FSskZMnmJxI,cake_with_candles
GePoS45P8_k,birthday_gifting
HFRrKifFhm8,cake_with_candles
Hp9RL0qFPCk,cake
J80IH02GXAs,cake_cutting
JgETOoXPG9Y,birthday_gifting
Jxx-i_Bm4bg,birthday_gifting
K2Sg_hQJ85Q,birthday_gifting
LN85XZ53UIg,cake_feeding
LmSTMW3vUqQ,cake_smashing
OE70sAfAC6Y,cake_with_candles
Ohw6ovYL5NQ,cake
RemIyhfK5-s,cake
SPcL__PkXF0,not_birthday
STspWa4gvPE,person_arrival
Uk8TVPd4oEk,cake_with_candles
Ve2GjOupVLg,surprise_celebration
WJ1lmaIUM1A,cake_smashing
XLJwSs4iL9M,birthday_gifting
XubpHFEQoIw,person_arrival
Y35YCSZ1TQg,cake_cutting
Z7jlq8mk3KA,cake_person
ZxYhiuliMPQ,birthday_gifting
9e6AeMDu4g,candle_blowing
Jw2UYEtOYk,birthday_gifting
brwyPZf-DaE,cake_person
cLBLOmGvBP0,cake_with_candles
d_ppZXoTDdo,cake_person
gCksYnWV-Z8,birthday_gifting
gz-13oJCRZ0,candle_blowing
hZtkufV5tjs,cake_person
il9c-6oszU0,cake
kRMfakhppjM,candle_blowing
k_HMt7sZIWE,pre_preparation
m-dwX_aBIKE,birthday_gifting
m4EtFycoHi8,birthday_gifting
mZHLknOxTZU,not_birthday
moJ56uYsVVw,cake_with_candles
nEn6gbPkxlI,cake
nM6BRzjCUL0,cake_cutting
qXac8RA0fXs,cake_person
sv8ZUK1zRpg,cake_person
vDW1jk2N-jE,person_arrival
vRPbEfnvo_g,cake_smashing
vUTAgOxwP_8,cake_person
vfg0tZAFmtA,cake_smashing
vo9ez73wX8U,person_arrival
x5NLLfwPE1I,birthday_gifting
U1oqfQfD3AM,surprise_celebration
lPLRp2OVycw,surprise_celebration
GnmRhX3LF84,surprise_celebration
4aUcD_I5yqg,surprise_celebration
Pc2Yn2PQ4J4,surprise_celebration
0-0Wz2YSBiA,surprise_celebration
t7r8v-ootQI,surprise_celebration
JfYyjclez1U,surprise_celebration
Q2HZP_69Nek,not_birthday
Qm74sDcQ2HA,not_birthday
L0Y7Do3DHbs,not_birthday
3J5CoyxBnPw,not_birthday
BSQZNgtt5Oo,not_birthday
ViCZmwINZ_w,not_birthday
J8LQW3MpsB8,not_birthday
YFqyRjiYEC0,not_birthday
N8hFhHhuiPY,not_birthday
gICDP7M1Ano,not_birthday
XulN4FZCqJ4,not_birthday
dMqkMt7ZCw8,not_birthday
8R3w9qrfXyE,not_birthday
RQbw337BggQ,not_birthday
COa5TD6xiAk,not_birthday
30FtNPUva2E,pre_preparation
oiMVcyZXosg,pre_preparation
WsAEAmbzh8I,pre_preparation
Aw6QwM01kG8,pre_preparation
JVisWkO7INs,cake
5PMlKSQFT1M,cake
FvxeLQnEY48,cake
thnWvSPjnkw,cake
bIaW-CfyPY0,cake
VwKRMehEORo,cake
pxlM_xGI2Jc,cake
kqwKkH6gaSk,cake
BZKIgysOWPk,cake
oSk2qup95vg,cake
Ze1o3UM1_jc,cake
v6s4rSddo64,cake
O4Zu0-9HwaU,cake
Z3UpNIRkU8k,candle_blowing
lArIIiFuHQY,candle_blowing
cFixv0kEcUg,candle_blowing
FIlBTms8mN4,candle_blowing
7X5XpUbG5es,candle_blowing
KWsi6u8_CWI,candle_blowing
uYwV9pK1Zcg,candle_blowing
2eu4is0mpkM,candle_blowing
ZE-lkM_L4as,candle_blowing
7zxoqZv-28Y,candle_blowing
Kq92DSKoeQk,candle_blowing
200rvq4CGgg,cake_feeding
vz_r3UE__ZY,cake_feeding
8Vw9CGOn1N4,cake_feeding
5S7ci5S69ro,cake_feeding
C6bHUCR7Fy8,cake_feeding
