label,url
surprise_celebration,https://youtu.be/U1oqfQfD3AM
surprise_celebration,https://youtu.be/PuFpj307jSg
surprise_celebration,https://youtu.be/Ve2GjOupVLg
surprise_celebration,https://youtu.be/lPLRp2OVycw
surprise_celebration,https://youtu.be/GnmRhX3LF84
surprise_celebration,https://youtu.be/4aUcD_I5yqg
surprise_celebration,https://youtu.be/Pc2Yn2PQ4J4
surprise_celebration,https://youtu.be/0-0Wz2YSBiA
surprise_celebration,https://youtu.be/t7r8v-ootQI
surprise_celebration,https://youtu.be/JfYyjclez1U
not_birthday,https://youtu.be/Q2HZP_69Nek
not_birthday,https://youtu.be/Qm74sDcQ2HA
not_birthday,https://youtu.be/L0Y7Do3DHbs
not_birthday,https://youtu.be/3J5CoyxBnPw
not_birthday,https://youtu.be/BSQZNgtt5Oo
not_birthday,https://youtu.be/ViCZmwINZ_w
not_birthday,https://youtu.be/J8LQW3MpsB8
not_birthday,https://youtu.be/YFqyRjiYEC0
not_birthday,https://youtu.be/N8hFhHhuiPY
not_birthday,https://youtu.be/gICDP7M1Ano
not_birthday,https://youtu.be/XulN4FZCqJ4
not_birthday,https://youtu.be/dMqkMt7ZCw8
not_birthday,https://youtu.be/8R3w9qrfXyE
not_birthday,https://youtu.be/RQbw337BggQ
not_birthday,https://youtu.be/COa5TD6xiAk
pre_preparation,https://youtu.be/30FtNPUva2E
pre_preparation,https://youtu.be/oiMVcyZXosg
pre_preparation,https://youtu.be/WsAEAmbzh8I
pre_preparation,https://youtu.be/Aw6QwM01kG8
cake,https://youtu.be/JVisWkO7INs
cake,https://youtu.be/5PMlKSQFT1M
cake,https://youtu.be/FvxeLQnEY48
cake,https://youtu.be/thnWvSPjnkw
cake,https://youtu.be/bIaW-CfyPY0
cake,https://youtu.be/VwKRMehEORo
cake,https://youtu.be/pxlM_xGI2Jc
cake,https://youtu.be/kqwKkH6gaSk
cake,https://youtu.be/BZKIgysOWPk
cake,https://youtu.be/oSk2qup95vg
cake,https://youtu.be/Ze1o3UM1_jc
cake,https://youtu.be/v6s4rSddo64
cake,https://youtu.be/O4Zu0-9HwaU
candle_blowing,https://youtu.be/Z3UpNIRkU8k
candle_blowing,https://youtu.be/lArIIiFuHQY
candle_blowing,https://youtu.be/cFixv0kEcUg
candle_blowing,https://youtu.be/FIlBTms8mN4
candle_blowing,https://youtu.be/7X5XpUbG5es
candle_blowing,https://youtu.be/KWsi6u8_CWI
candle_blowing,https://youtu.be/uYwV9pK1Zcg
candle_blowing,https://youtu.be/2eu4is0mpkM
candle_blowing,https://youtu.be/ZE-lkM_L4as
candle_blowing,https://youtu.be/7zxoqZv-28Y
candle_blowing,https://youtu.be/Kq92DSKoeQk
cake_feeding,https://youtu.be/200rvq4CGgg
cake_feeding,https://youtu.be/vz_r3UE__ZY
cake_feeding,https://youtu.be/8Vw9CGOn1N4
cake_feeding,https://youtu.be/5S7ci5S69ro
cake_feeding,https://youtu.be/C6bHUCR7Fy8
